{"nodes":{"node:0":{"location":{"x":11,"y":172}},"node:1":{"location":{"x":184,"y":188}}},"selection":["node:1"],"view":{"scroll":{"x":-358.75323486328125,"y":-28.915618896484375},"visible_rect":{"max":{"x":731.4979248046875,"y":470.722900390625},"min":{"x":-239.1688232421875,"y":-19.2770805358886719}},"zoom":1.5}}